{"applicability_domain_call_effect":"none","authorization":{"authorization_config_sha256":"57537edfa37bf5970db2f91a6a5a731620179ecf24f3b0fa12efa8a1a3818d40","new_external_manifest_sha256":"3308acd324980561918850a91b1451e4d556cc59e0f024125f64b3c0b6e5b3b2","v2_final_policy_sha256":"be320418ce7852ec48ff386dccfa79e9752e914392bfafa8b331cdda14045826"},"external_dataset":{"candidate_csv_sha256":"e081cf310110db96de030f38f167a7343f15bcaaf2ceebf828ac34d82116a70f","candidate_id":"v2_external_ntp_cancer_bioassay_july2020_v1","candidate_release_manifest_sha256":"3308acd324980561918850a91b1451e4d556cc59e0f024125f64b3c0b6e5b3b2","sample_count":49},"external_evaluation_id":"v2_ntp_one_shot_external_evaluation_v1","external_evaluation_manifest_version":1,"external_prediction_digest":{"artifact_written":false,"sha256":"bc217e4ea15fe6bd74310a123e561598eac89c79445bef86f2e90fab3de9fba7"},"final_artifact":{"artifact_hashes_sha256":"2c8bea5c7a00385cc3ca5a1e06fd0447056c3c6d7095269db8af1cb2c2b26998","training_manifest_sha256":"0bd86899e9e3416771e904d47e30758c46c1960554dba091e12d6b6238708a04","v2_final_policy_sha256":"be320418ce7852ec48ff386dccfa79e9752e914392bfafa8b331cdda14045826"},"members":{"lightgbm_descriptors":{"covered":{"confusion":{"false_negative":3,"false_positive":1,"true_negative":23,"true_positive":5},"metrics":{"accuracy":0.875,"auprc":0.7260822510822511,"auroc":0.7760416666666666,"balanced_accuracy":0.7916666666666667,"brier":0.12946798355746592,"f1":0.7142857142857143,"log_loss":0.5160691609388175,"mcc":0.647150228929434,"precision":0.8333333333333334,"recall":0.625,"sensitivity":0.625,"specificity":0.9583333333333334},"sample_count":32},"full":{"confusion":{"false_negative":6,"false_positive":7,"true_negative":27,"true_positive":9},"metrics":{"accuracy":0.7346938775510204,"auprc":0.5918987959556292,"auroc":0.7450980392156863,"balanced_accuracy":0.6970588235294117,"brier":0.20242380483878555,"f1":0.5806451612903226,"log_loss":0.6879217624614973,"mcc":0.38734148042766225,"precision":0.5625,"recall":0.6,"sensitivity":0.6,"specificity":0.7941176470588235},"sample_count":49}},"random_forest_ecfp4":{"covered":{"confusion":{"false_negative":3,"false_positive":1,"true_negative":23,"true_positive":5},"metrics":{"accuracy":0.875,"auprc":0.6123779461279462,"auroc":0.703125,"balanced_accuracy":0.7916666666666667,"brier":0.17440763888888888,"f1":0.7142857142857143,"log_loss":0.5327031576996195,"mcc":0.647150228929434,"precision":0.8333333333333334,"recall":0.625,"sensitivity":0.625,"specificity":0.9583333333333334},"sample_count":32},"full":{"confusion":{"false_negative":5,"false_positive":5,"true_negative":29,"true_positive":10},"metrics":{"accuracy":0.7959183673469388,"auprc":0.5688386581490029,"auroc":0.7509803921568627,"balanced_accuracy":0.7598039215686274,"brier":0.19286916099773244,"f1":0.6666666666666666,"log_loss":0.5757372266490141,"mcc":0.5196078431372549,"precision":0.6666666666666666,"recall":0.6666666666666666,"sensitivity":0.6666666666666666,"specificity":0.8529411764705882},"sample_count":49}},"random_forest_maccs":{"covered":{"confusion":{"false_negative":3,"false_positive":1,"true_negative":23,"true_positive":5},"metrics":{"accuracy":0.875,"auprc":0.6960213032581454,"auroc":0.7447916666666666,"balanced_accuracy":0.7916666666666667,"brier":0.1548627480728773,"f1":0.7142857142857143,"log_loss":0.4856924039631033,"mcc":0.647150228929434,"precision":0.8333333333333334,"recall":0.625,"sensitivity":0.625,"specificity":0.9583333333333334},"sample_count":32},"full":{"confusion":{"false_negative":5,"false_positive":4,"true_negative":30,"true_positive":10},"metrics":{"accuracy":0.8163265306122449,"auprc":0.7097062529260671,"auroc":0.7803921568627452,"balanced_accuracy":0.7745098039215685,"brier":0.17227361372154607,"f1":0.6896551724137931,"log_loss":0.5239512072269672,"mcc":0.5601120336112039,"precision":0.7142857142857143,"recall":0.6666666666666666,"sensitivity":0.6666666666666666,"specificity":0.8823529411764706},"sample_count":49}}},"output_directory_lock":{"created_before_external_read":true,"repeat_execution_prevented":true},"overlap_audit":{"connectivity_overlap_count":0,"exact_overlap_count":0,"tautomer_overlap_count":0},"post_evaluation_model_or_policy_change":false,"prediction_digest":{"artifact_written":false,"sha256":"bc217e4ea15fe6bd74310a123e561598eac89c79445bef86f2e90fab3de9fba7"},"preregistered_diagnostics":["tautomer_sensitivity_descriptive","scaffold_stratified_metrics","ecfp4_similarity_stratified_metrics"],"scaffold_strata":[{"coverage":0.5666666666666667,"covered_count":17,"covered_metrics":{"confusion":{"false_negative":2,"false_positive":0,"true_negative":12,"true_positive":3},"metrics":{"accuracy":0.8823529411764706,"auprc":0.7176470588235294,"auroc":0.8,"balanced_accuracy":0.8,"brier":0.11764705882352941,"f1":0.75,"log_loss":4.240429810484371,"mcc":0.7171371656006362,"precision":1.0,"recall":0.6,"sensitivity":0.6,"specificity":1.0}},"sample_count":30,"stratum":"Scaffold seen in final-refit development"},{"coverage":0.7894736842105263,"covered_count":15,"covered_metrics":{"confusion":{"false_negative":1,"false_positive":1,"true_negative":11,"true_positive":2},"metrics":{"accuracy":0.8666666666666667,"auprc":0.5111111111111111,"auroc":0.7916666666666666,"balanced_accuracy":0.7916666666666666,"brier":0.13333333333333333,"f1":0.6666666666666666,"log_loss":4.805820451882287,"mcc":0.5833333333333334,"precision":0.6666666666666666,"recall":0.6666666666666666,"sensitivity":0.6666666666666666,"specificity":0.9166666666666666}},"sample_count":19,"stratum":"Scaffold novel to final-refit development"}],"similarity_strata":[{"coverage":null,"covered_count":0,"covered_metrics":null,"sample_count":0,"stratum":"AD similarity [0.85,1.00]"},{"coverage":0.6666666666666666,"covered_count":2,"covered_metrics":{"confusion":{"false_negative":1,"false_positive":0,"true_negative":1,"true_positive":0},"metrics":{"accuracy":0.5,"auprc":0.5,"auroc":0.5,"balanced_accuracy":0.5,"brier":0.5,"f1":0.0,"log_loss":18.021826694558577,"mcc":0.0,"precision":0.0,"recall":0.0,"sensitivity":0.0,"specificity":1.0}},"sample_count":3,"stratum":"AD similarity [0.70,0.85)"},{"coverage":0.5384615384615384,"covered_count":7,"covered_metrics":{"confusion":{"false_negative":0,"false_positive":0,"true_negative":6,"true_positive":1},"metrics":{"accuracy":1.0,"auprc":1.0,"auroc":1.0,"balanced_accuracy":1.0,"brier":0.0,"f1":1.0,"log_loss":2.2204460492503136e-16,"mcc":1.0,"precision":1.0,"recall":1.0,"sensitivity":1.0,"specificity":1.0}},"sample_count":13,"stratum":"AD similarity [0.50,0.70)"},{"coverage":0.696969696969697,"covered_count":23,"covered_metrics":{"confusion":{"false_negative":2,"false_positive":1,"true_negative":16,"true_positive":4},"metrics":{"accuracy":0.8695652173913043,"auprc":0.6202898550724638,"auroc":0.8039215686274509,"balanced_accuracy":0.803921568627451,"brier":0.13043478260869565,"f1":0.7272727272727273,"log_loss":4.701346094232672,"mcc":0.6470984341213211,"precision":0.8,"recall":0.6666666666666666,"sensitivity":0.6666666666666666,"specificity":0.9411764705882353}},"sample_count":33,"stratum":"AD similarity [0.00,0.50)"}],"success_criteria":{"coverage_minimum_met":true,"covered_sensitivity_minimum_met":false,"covered_specificity_minimum_met":true,"inconclusive_error_enriched":true},"summary":{"call_counts":{"carcinogen":6,"inconclusive":17,"noncarcinogen":26},"class_conditional_coverage":{"carcinogen":0.5333333333333333,"noncarcinogen":0.7058823529411765},"class_counts":{"carcinogen":15,"noncarcinogen":34},"consensus_covered":{"confusion":{"false_negative":3,"false_positive":1,"true_negative":23,"true_positive":5},"metrics":{"accuracy":0.875,"auprc":0.6145833333333334,"auroc":0.7916666666666667,"balanced_accuracy":0.7916666666666667,"brier":0.125,"f1":0.7142857142857143,"log_loss":4.505456673639644,"mcc":0.647150228929434,"precision":0.8333333333333334,"recall":0.625,"sensitivity":0.625,"specificity":0.9583333333333334},"sample_count":32},